step,action,reward,done,agent_x,agent_y,agent_z,agent_energy,altitude,steps_so_far,energy,total_nectar_collected,flowers_found_this_episode,last_flower_visited,nearest_flower_distance
0,3,-0.0505,False,6.0,5.0,4.0,99.0,4.0,1,99.0,0.0,0,-1,3.111506700515747
1,2,-0.051000000000000004,False,5.0,5.0,4.0,98.0,4.0,2,98.0,0.0,0,-1,2.3266894817352295
2,1,-0.051500000000000004,False,5.0,6.0,4.0,97.0,4.0,3,97.0,0.0,0,-1,1.9406687021255493
3,0,-0.052000000000000005,False,5.0,5.0,4.0,96.0,4.0,4,96.0,0.0,0,-1,2.3266894817352295
4,0,-0.052500000000000005,False,5.0,4.0,4.0,95.0,4.0,5,95.0,0.0,0,-1,2.1310031414031982
5,1,-0.053000000000000005,False,5.0,5.0,4.0,94.0,4.0,6,94.0,0.0,0,-1,2.3266894817352295
6,0,-0.0535,False,5.0,4.0,4.0,93.0,4.0,7,93.0,0.0,0,-1,2.1310031414031982
7,0,-0.054,False,5.0,3.0,4.0,92.0,4.0,8,92.0,0.0,0,-1,1.2619074583053589
8,1,-0.0545,False,5.0,4.0,4.0,91.0,4.0,9,91.0,0.0,0,-1,2.1310031414031982
9,2,-0.055,False,4.0,4.0,4.0,90.0,4.0,10,90.0,0.0,0,-1,2.3876700401306152
10,1,-0.0555,False,4.0,5.0,4.0,89.0,4.0,11,89.0,0.0,0,-1,1.7735542058944702
11,0,-0.056,False,4.0,4.0,4.0,88.0,4.0,12,88.0,0.0,0,-1,2.3876700401306152
12,3,-0.0565,False,5.0,4.0,4.0,87.0,4.0,13,87.0,0.0,0,-1,2.1310031414031982
13,3,-0.057,False,6.0,4.0,4.0,86.0,4.0,14,86.0,0.0,0,-1,2.3197803497314453
14,5,-0.057350000000000005,False,6.0,4.0,3.0,85.30000305175781,3.0,15,85.3,0.0,0,-1,2.8243818283081055
15,1,-0.057850000000000006,False,6.0,5.0,3.0,84.30000305175781,3.0,16,84.3,0.0,0,-1,2.9478774070739746
16,6,-0.05895,False,6.0,5.0,3.0,82.0999984741211,3.0,17,82.1,0.0,0,-1,2.9478774070739746
17,5,-0.059300000000000005,False,6.0,5.0,2.0,81.4000015258789,2.0,18,81.39999999999999,0.0,0,-1,3.1142399311065674
18,1,-0.059800000000000006,False,6.0,6.0,2.0,80.4000015258789,2.0,19,80.39999999999999,0.0,0,-1,2.837463855743408
19,2,-0.060300000000000006,False,5.0,6.0,2.0,79.4000015258789,2.0,20,79.39999999999999,0.0,0,-1,1.9450478553771973
20,2,-0.06080000000000001,False,4.0,6.0,2.0,78.4000015258789,2.0,21,78.39999999999999,0.0,0,-1,1.2309433221817017
21,2,29.948999999999998,False,3.0,6.0,2.0,98.0,2.0,22,98.0,15.0,0,-1,1.1167954206466675
22,2,-0.051500000000000004,False,2.0,6.0,2.0,97.0,2.0,23,97.0,15.0,0,-1,1.726048231124878
23,4,-0.0522,False,2.0,6.0,3.0,95.5999984741211,3.0,24,95.6,15.0,0,-1,1.4038283824920654
24,4,-0.05290000000000001,False,2.0,6.0,4.0,94.19999694824219,4.0,25,94.19999999999999,15.0,0,-1,1.72111177444458
25,3,29.948999999999998,False,3.0,6.0,4.0,98.0,4.0,26,98.0,30.0,0,-1,1.109150767326355
26,2,-0.051500000000000004,False,2.0,6.0,4.0,97.0,4.0,27,97.0,30.0,0,-1,1.72111177444458
27,4,-0.0522,False,2.0,6.0,5.0,95.5999984741211,5.0,28,95.6,30.0,0,-1,2.4400241374969482
28,0,-0.052700000000000004,False,2.0,5.0,5.0,94.5999984741211,5.0,29,94.6,30.0,0,-1,2.7569923400878906
29,0,-0.053200000000000004,False,2.0,4.0,5.0,93.5999984741211,5.0,30,93.6,30.0,0,-1,1.9610722064971924
30,1,-0.053700000000000005,False,2.0,5.0,5.0,92.5999984741211,5.0,31,92.6,30.0,0,-1,2.7569923400878906
31,1,-0.054200000000000005,False,2.0,6.0,5.0,91.5999984741211,5.0,32,91.6,30.0,0,-1,2.4400241374969482
32,0,-0.054700000000000006,False,2.0,5.0,5.0,90.5999984741211,5.0,33,90.6,30.0,0,-1,2.7569923400878906
33,6,-0.05580000000000001,False,2.0,5.0,5.0,88.4000015258789,5.0,34,88.39999999999999,30.0,0,-1,2.7569923400878906
34,4,-0.05650000000000001,False,2.0,5.0,6.0,87.0,6.0,35,86.99999999999999,30.0,0,-1,2.521493434906006
35,2,-0.05700000000000001,False,1.0,5.0,6.0,86.0,6.0,36,85.99999999999999,30.0,0,-1,2.467682361602783
36,2,-0.05750000000000001,False,0.0,5.0,6.0,85.0,6.0,37,84.99999999999999,30.0,0,-1,2.7966020107269287
37,0,-0.05800000000000001,False,0.0,4.0,6.0,84.0,6.0,38,83.99999999999999,30.0,0,-1,1.9882441759109497
38,1,-0.05850000000000001,False,0.0,5.0,6.0,83.0,6.0,39,82.99999999999999,30.0,0,-1,2.7966020107269287
39,0,-0.05900000000000001,False,0.0,4.0,6.0,82.0,6.0,40,81.99999999999999,30.0,0,-1,1.9882441759109497
40,3,-0.05950000000000001,False,1.0,4.0,6.0,81.0,6.0,41,80.99999999999999,30.0,0,-1,1.4904992580413818
41,5,-0.059850000000000014,False,1.0,4.0,5.0,80.30000305175781,5.0,42,80.29999999999998,30.0,0,-1,1.891383409500122
42,1,-0.060350000000000015,False,1.0,5.0,5.0,79.30000305175781,5.0,43,79.29999999999998,30.0,0,-1,2.7285892963409424
43,4,-0.061050000000000014,False,1.0,5.0,6.0,77.9000015258789,6.0,44,77.89999999999998,30.0,0,-1,2.467682361602783
44,3,-0.061550000000000014,False,2.0,5.0,6.0,76.9000015258789,6.0,45,76.89999999999998,30.0,0,-1,2.521493434906006
45,1,-0.062050000000000015,False,2.0,6.0,6.0,75.9000015258789,6.0,46,75.89999999999998,30.0,0,-1,3.308354377746582
46,2,-0.06255000000000002,False,1.0,6.0,6.0,74.9000015258789,6.0,47,74.89999999999998,30.0,0,-1,3.4579362869262695
47,1,-0.06305000000000002,False,1.0,7.0,6.0,73.9000015258789,6.0,48,73.89999999999998,30.0,0,-1,3.876845359802246
48,1,-0.06355000000000002,False,1.0,8.0,6.0,72.9000015258789,6.0,49,72.89999999999998,30.0,0,-1,4.169249534606934
49,0,-0.06405000000000002,False,1.0,7.0,6.0,71.9000015258789,6.0,50,71.89999999999998,30.0,0,-1,3.876845359802246
50,5,-0.06440000000000001,False,1.0,7.0,5.0,71.19999694824219,5.0,51,71.19999999999997,30.0,0,-1,3.168349504470825
51,3,-0.06490000000000001,False,2.0,7.0,5.0,70.19999694824219,5.0,52,70.19999999999997,30.0,0,-1,2.5112602710723877
52,0,-0.06540000000000001,False,2.0,6.0,5.0,69.19999694824219,5.0,53,69.19999999999997,30.0,0,-1,2.4400241374969482
53,2,-0.06590000000000001,False,1.0,6.0,5.0,68.19999694824219,5.0,54,68.19999999999997,30.0,0,-1,3.1121902465820312
54,3,-0.06640000000000001,False,2.0,6.0,5.0,67.19999694824219,5.0,55,67.19999999999997,30.0,0,-1,2.4400241374969482
55,0,-0.06690000000000002,False,2.0,5.0,5.0,66.19999694824219,5.0,56,66.19999999999997,30.0,0,-1,2.7569923400878906
56,0,-0.06740000000000002,False,2.0,4.0,5.0,65.19999694824219,5.0,57,65.19999999999997,30.0,0,-1,1.9610722064971924
57,4,-0.06810000000000002,False,2.0,4.0,6.0,63.79999923706055,6.0,58,63.799999999999976,30.0,0,-1,1.5779926776885986
58,1,-0.06860000000000002,False,2.0,5.0,6.0,62.79999923706055,6.0,59,62.799999999999976,30.0,0,-1,2.521493434906006
59,4,-0.06930000000000001,False,2.0,5.0,7.0,61.400001525878906,7.0,60,61.39999999999998,30.0,0,-1,2.6461641788482666
60,0,-0.06980000000000001,False,2.0,4.0,7.0,60.400001525878906,7.0,61,60.39999999999998,30.0,0,-1,1.7704004049301147
61,5,-0.07015000000000002,False,2.0,4.0,6.0,59.70000076293945,6.0,62,59.699999999999974,30.0,0,-1,1.5779926776885986
62,0,29.94335,False,2.0,3.0,6.0,86.69999694824219,6.0,63,86.69999999999997,45.0,0,-1,0.788792073726654
63,6,29.948999999999998,False,2.0,3.0,6.0,98.0,6.0,64,98.0,60.0,0,-1,0.788792073726654
64,2,29.948999999999998,False,1.0,3.0,6.0,98.0,6.0,65,98.0,60.599998474121094,0,-1,0.5947436690330505
65,5,-0.05135000000000001,False,1.0,3.0,5.0,97.30000305175781,5.0,66,97.3,60.599998474121094,0,-1,1.3074644804000854
66,3,-0.05185000000000001,False,2.0,3.0,5.0,96.30000305175781,5.0,67,96.3,60.599998474121094,0,-1,1.4063912630081177
67,2,-0.05235000000000001,False,1.0,3.0,5.0,95.30000305175781,5.0,68,95.3,60.599998474121094,0,-1,1.3074644804000854
68,3,-0.05285000000000001,False,2.0,3.0,5.0,94.30000305175781,5.0,69,94.3,60.599998474121094,0,-1,1.4063912630081177
69,0,-0.05335000000000001,False,2.0,2.0,5.0,93.30000305175781,5.0,70,93.3,60.599998474121094,0,-1,1.4526073932647705
70,0,-0.05385000000000001,False,2.0,1.0,5.0,92.30000305175781,5.0,71,92.3,60.599998474121094,0,-1,2.0596601963043213
71,1,-0.05435000000000001,False,2.0,2.0,5.0,91.30000305175781,5.0,72,91.3,60.599998474121094,0,-1,1.4526073932647705
72,2,-0.05485,False,1.0,2.0,5.0,90.30000305175781,5.0,73,90.3,60.599998474121094,0,-1,1.3570539951324463
73,0,-0.05535,False,1.0,1.0,5.0,89.30000305175781,5.0,74,89.3,60.599998474121094,0,-1,1.9934210777282715
74,2,-0.055850000000000004,False,0.0,1.0,5.0,88.30000305175781,5.0,75,88.3,60.599998474121094,0,-1,2.3885674476623535
75,4,-0.05655000000000001,False,0.0,1.0,6.0,86.9000015258789,6.0,76,86.89999999999999,60.599998474121094,0,-1,2.085548162460327
76,5,-0.056900000000000006,False,0.0,1.0,5.0,86.19999694824219,5.0,77,86.19999999999999,60.599998474121094,0,-1,2.3885674476623535
77,4,-0.05760000000000001,False,0.0,1.0,6.0,84.80000305175781,6.0,78,84.79999999999998,60.599998474121094,0,-1,2.085548162460327
78,5,-0.057950000000000015,False,0.0,1.0,5.0,84.0999984741211,5.0,79,84.09999999999998,60.599998474121094,0,-1,2.3885674476623535
79,2,-0.05845000000000001,False,0.0,1.0,5.0,83.0999984741211,5.0,80,83.09999999999998,60.599998474121094,0,-1,2.3885674476623535
80,2,-0.05895000000000001,False,0.0,1.0,5.0,82.0999984741211,5.0,81,82.09999999999998,60.599998474121094,0,-1,2.3885674476623535
81,0,-0.05945000000000001,False,0.0,0.0,5.0,81.0999984741211,5.0,82,81.09999999999998,60.599998474121094,0,-1,3.136461019515991
82,5,-0.05980000000000001,False,0.0,0.0,4.0,80.4000015258789,4.0,83,80.39999999999998,60.599998474121094,0,-1,3.632234811782837
83,1,-0.06030000000000001,False,0.0,1.0,4.0,79.4000015258789,4.0,84,79.39999999999998,60.599998474121094,0,-1,3.0101492404937744
84,1,-0.060800000000000014,False,0.0,2.0,4.0,78.4000015258789,4.0,85,78.39999999999998,60.599998474121094,0,-1,2.6322739124298096
85,2,-0.061300000000000014,False,0.0,2.0,4.0,77.4000015258789,4.0,86,77.39999999999998,60.599998474121094,0,-1,2.6322739124298096
86,4,-0.06200000000000002,False,0.0,2.0,5.0,76.0,5.0,87,75.99999999999997,60.599998474121094,0,-1,1.890270471572876
87,0,-0.06250000000000003,False,0.0,1.0,5.0,75.0,5.0,88,74.99999999999997,60.599998474121094,0,-1,2.3885674476623535
88,3,-0.06300000000000001,False,1.0,1.0,5.0,74.0,5.0,89,73.99999999999997,60.599998474121094,0,-1,1.9934210777282715
89,1,-0.06350000000000001,False,1.0,2.0,5.0,73.0,5.0,90,72.99999999999997,60.599998474121094,0,-1,1.3570539951324463
90,3,-0.06400000000000002,False,2.0,2.0,5.0,72.0,5.0,91,71.99999999999997,60.599998474121094,0,-1,1.4526073932647705
91,5,-0.06435000000000002,False,2.0,2.0,4.0,71.30000305175781,4.0,92,71.29999999999997,60.599998474121094,0,-1,2.1219289302825928
92,5,-0.06470000000000002,False,2.0,2.0,3.0,70.5999984741211,3.0,93,70.59999999999997,60.599998474121094,0,-1,1.364286184310913
93,2,-0.06520000000000002,False,1.0,2.0,3.0,69.5999984741211,3.0,94,69.59999999999997,60.599998474121094,0,-1,2.19325590133667
94,0,-0.06570000000000002,False,1.0,1.0,3.0,68.5999984741211,3.0,95,68.59999999999997,60.599998474121094,0,-1,2.198758602142334
95,3,-0.06620000000000001,False,2.0,1.0,3.0,67.5999984741211,3.0,96,67.59999999999997,60.599998474121094,0,-1,1.3731147050857544
96,4,-0.06690000000000002,False,2.0,1.0,4.0,66.19999694824219,4.0,97,66.19999999999996,60.599998474121094,0,-1,2.1276159286499023
97,2,-0.06740000000000002,False,1.0,1.0,4.0,65.19999694824219,4.0,98,65.19999999999996,60.599998474121094,0,-1,2.7072994709014893
98,4,-0.06810000000000002,False,1.0,1.0,5.0,63.79999923706055,5.0,99,63.79999999999996,60.599998474121094,0,-1,1.9934210777282715
99,3,-0.06860000000000002,False,2.0,1.0,5.0,62.79999923706055,5.0,100,62.79999999999996,60.599998474121094,0,-1,2.0596601963043213
100,5,-0.06895000000000003,False,2.0,1.0,4.0,62.099998474121094,4.0,101,62.09999999999996,60.599998474121094,0,-1,2.1276159286499023
101,2,-0.06945000000000003,False,1.0,1.0,4.0,61.099998474121094,4.0,102,61.09999999999996,60.599998474121094,0,-1,2.7072994709014893
102,3,-0.06995000000000003,False,2.0,1.0,4.0,60.099998474121094,4.0,103,60.09999999999996,60.599998474121094,0,-1,2.1276159286499023
103,3,-0.07045000000000003,False,3.0,1.0,4.0,59.099998474121094,4.0,104,59.09999999999996,60.599998474121094,0,-1,1.89146888256073
104,5,29.943199999999997,False,3.0,1.0,3.0,86.4000015258789,3.0,105,86.39999999999995,75.5999984741211,0,-1,0.9676510691642761
105,5,29.948999999999998,False,3.0,1.0,2.0,98.0,2.0,106,98.0,90.5999984741211,0,-1,0.543178379535675
106,1,29.948999999999998,False,3.0,2.0,2.0,98.0,2.0,107,98.0,91.19999694824219,0,-1,0.5204571485519409
107,1,-0.051500000000000004,False,3.0,3.0,2.0,97.0,2.0,108,97.0,91.19999694824219,0,-1,1.498902440071106
108,3,-0.052000000000000005,False,4.0,3.0,2.0,96.0,2.0,109,96.0,91.19999694824219,0,-1,1.815933108329773
109,4,-0.052700000000000004,False,4.0,3.0,3.0,94.5999984741211,3.0,110,94.6,91.19999694824219,0,-1,1.9846709966659546
110,4,-0.0534,False,4.0,3.0,4.0,93.19999694824219,4.0,111,93.19999999999999,91.19999694824219,0,-1,1.6589767932891846
111,3,-0.0539,False,5.0,3.0,4.0,92.19999694824219,4.0,112,92.19999999999999,91.19999694824219,0,-1,1.2619074583053589
112,4,29.948999999999998,False,5.0,3.0,5.0,98.0,5.0,113,98.0,106.19999694824219,0,-1,0.9983274340629578
113,4,-0.0517,False,5.0,3.0,6.0,96.5999984741211,6.0,114,96.6,106.19999694824219,0,-1,1.5494853258132935
114,0,-0.0522,False,5.0,2.0,6.0,95.5999984741211,6.0,115,95.6,106.19999694824219,0,-1,1.2050482034683228
115,0,-0.052700000000000004,False,5.0,1.0,6.0,94.5999984741211,6.0,116,94.6,106.19999694824219,0,-1,1.5822064876556396
116,5,29.948999999999998,False,5.0,1.0,5.0,98.0,5.0,117,98.0,121.19999694824219,0,-1,1.048393964767456
117,5,-0.05135000000000001,False,5.0,1.0,4.0,97.30000305175781,4.0,118,97.3,121.19999694824219,0,-1,1.3018765449523926
118,4,29.948999999999998,False,5.0,1.0,5.0,98.0,5.0,119,98.0,123.0,0,-1,1.048393964767456
119,6,-5.052099999999999,False,5.0,1.0,5.0,95.80000305175781,5.0,120,95.8,123.0,0,-1,1.048393964767456
120,0,-0.05260000000000001,False,5.0,0.0,5.0,94.80000305175781,5.0,121,94.8,123.0,0,-1,2.0372445583343506
121,2,-0.05310000000000001,False,4.0,0.0,5.0,93.80000305175781,5.0,122,93.8,123.0,0,-1,2.3043782711029053
122,1,-0.05360000000000001,False,4.0,1.0,5.0,92.80000305175781,5.0,123,92.8,123.0,0,-1,1.5029716491699219
123,1,-5.0541,False,4.0,2.0,5.0,91.80000305175781,5.0,124,91.8,123.0,0,-1,1.098948359489441
124,1,-0.05460000000000001,False,4.0,3.0,5.0,90.80000305175781,5.0,125,90.8,123.0,0,-1,1.4684860706329346
125,5,-0.054950000000000006,False,4.0,3.0,4.0,90.0999984741211,4.0,126,90.1,123.0,0,-1,1.6589767932891846
126,2,-0.055450000000000006,False,3.0,3.0,4.0,89.0999984741211,4.0,127,89.1,123.0,0,-1,2.3514506816864014
127,1,-0.05595000000000001,False,3.0,4.0,4.0,88.0999984741211,4.0,128,88.1,123.0,0,-1,2.5543675422668457
128,3,-0.05645,False,4.0,4.0,4.0,87.0999984741211,4.0,129,87.1,123.0,0,-1,2.3876700401306152
129,3,-0.05695,False,5.0,4.0,4.0,86.0999984741211,4.0,130,86.1,123.0,0,-1,2.1310031414031982
130,0,-0.05745,False,5.0,3.0,4.0,85.0999984741211,4.0,131,85.1,123.0,0,-1,1.2619074583053589
131,2,-0.05795,False,4.0,3.0,4.0,84.0999984741211,4.0,132,84.1,123.0,0,-1,1.6589767932891846
132,0,-0.05845,False,4.0,2.0,4.0,83.0999984741211,4.0,133,83.1,123.0,0,-1,1.342922329902649
133,5,-0.058800000000000005,False,4.0,2.0,3.0,82.4000015258789,3.0,134,82.39999999999999,123.0,0,-1,1.40110182762146
134,3,-0.059300000000000005,False,5.0,2.0,3.0,81.4000015258789,3.0,135,81.39999999999999,123.0,0,-1,1.799833059310913
135,6,-0.06040000000000001,False,5.0,2.0,3.0,79.19999694824219,3.0,136,79.19999999999999,123.0,0,-1,1.799833059310913
136,2,-0.06090000000000001,False,4.0,2.0,3.0,78.19999694824219,3.0,137,78.19999999999999,123.0,0,-1,1.40110182762146
137,1,-0.06140000000000001,False,4.0,3.0,3.0,77.19999694824219,3.0,138,77.19999999999999,123.0,0,-1,1.9846709966659546
138,2,-0.06190000000000001,False,3.0,3.0,3.0,76.19999694824219,3.0,139,76.19999999999999,123.0,0,-1,1.699415922164917
139,6,-0.063,False,3.0,3.0,3.0,74.0,3.0,140,73.99999999999999,123.0,0,-1,1.699415922164917
140,1,-0.0635,False,3.0,4.0,3.0,73.0,3.0,141,72.99999999999999,123.0,0,-1,2.352297306060791
141,0,-0.064,False,3.0,3.0,3.0,72.0,3.0,142,71.99999999999999,123.0,0,-1,1.699415922164917
142,1,-0.0645,False,3.0,4.0,3.0,71.0,3.0,143,70.99999999999999,123.0,0,-1,2.352297306060791
143,2,-0.065,False,2.0,4.0,3.0,70.0,3.0,144,69.99999999999999,123.0,0,-1,2.6954243183135986
144,3,-0.0655,False,3.0,4.0,3.0,69.0,3.0,145,68.99999999999999,123.0,0,-1,2.352297306060791
145,0,-0.066,False,3.0,3.0,3.0,68.0,3.0,146,67.99999999999999,123.0,0,-1,1.699415922164917
146,2,-0.0665,False,2.0,3.0,3.0,67.0,3.0,147,66.99999999999999,123.0,0,-1,1.9588541984558105
147,3,-0.067,False,3.0,3.0,3.0,66.0,3.0,148,65.99999999999999,123.0,0,-1,1.699415922164917
148,1,-0.0675,False,3.0,4.0,3.0,65.0,3.0,149,64.99999999999999,123.0,0,-1,2.352297306060791
149,1,24.932,False,3.0,5.0,3.0,64.0,3.0,150,63.999999999999986,123.0,0,-1,1.3733218908309937
150,6,-0.06910000000000001,False,3.0,5.0,3.0,61.79999923706055,3.0,151,61.79999999999998,123.0,0,-1,1.3733218908309937
151,0,-0.06960000000000001,False,3.0,4.0,3.0,60.79999923706055,3.0,152,60.79999999999998,123.0,0,-1,2.352297306060791
152,2,-0.07010000000000001,False,2.0,4.0,3.0,59.79999923706055,3.0,153,59.79999999999998,123.0,0,-1,2.6954243183135986
153,4,-0.07080000000000002,False,2.0,4.0,4.0,58.400001525878906,4.0,154,58.399999999999984,123.0,0,-1,2.68356990814209
154,4,-0.07150000000000001,False,2.0,4.0,5.0,57.0,5.0,155,56.999999999999986,123.0,0,-1,1.9610722064971924
155,4,-0.07220000000000001,False,2.0,4.0,6.0,55.599998474121094,6.0,156,55.59999999999999,123.0,0,-1,1.5779926776885986
156,0,29.9413,False,2.0,3.0,6.0,82.5999984741211,6.0,157,82.6,138.0,0,-1,0.788792073726654
157,2,29.948999999999998,False,1.0,3.0,6.0,98.0,6.0,158,98.0,146.69998168945312,0,-1,0.5947436690330505
158,0,-5.0515,False,1.0,2.0,6.0,97.0,6.0,159,97.0,146.69998168945312,0,-1,0.6970309019088745
159,2,-0.052000000000000005,False,0.0,2.0,6.0,96.0,6.0,160,96.0,146.69998168945312,0,-1,1.489086627960205
160,3,-5.052499999999999,False,1.0,2.0,6.0,95.0,6.0,161,95.0,146.69998168945312,0,-1,0.6970309019088745
161,1,-5.053,False,1.0,3.0,6.0,94.0,6.0,162,94.0,146.69998168945312,0,-1,0.5947436690330505
162,2,-0.0535,False,0.0,3.0,6.0,93.0,6.0,163,93.0,146.69998168945312,0,-1,1.4440383911132812
163,5,-0.05385000000000001,False,0.0,3.0,5.0,92.30000305175781,5.0,164,92.3,146.69998168945312,0,-1,1.8549907207489014
164,5,-0.054200000000000005,False,0.0,3.0,4.0,91.5999984741211,4.0,165,91.6,146.69998168945312,0,-1,2.6070547103881836
165,3,-0.054700000000000006,False,1.0,3.0,4.0,90.5999984741211,4.0,166,90.6,146.69998168945312,0,-1,2.250601291656494
166,4,-0.055400000000000005,False,1.0,3.0,5.0,89.19999694824219,5.0,167,89.19999999999999,146.69998168945312,0,-1,1.3074644804000854
167,6,-0.05650000000000001,False,1.0,3.0,5.0,87.0,5.0,168,86.99999999999999,146.69998168945312,0,-1,1.3074644804000854
168,1,-0.05700000000000001,False,1.0,4.0,5.0,86.0,5.0,169,85.99999999999999,146.69998168945312,0,-1,1.891383409500122
169,3,-0.05750000000000001,False,2.0,4.0,5.0,85.0,5.0,170,84.99999999999999,146.69998168945312,0,-1,1.9610722064971924
170,0,-0.05800000000000001,False,2.0,3.0,5.0,84.0,5.0,171,83.99999999999999,146.69998168945312,0,-1,1.4063912630081177
171,6,-0.059100000000000014,False,2.0,3.0,5.0,81.80000305175781,5.0,172,81.79999999999998,146.69998168945312,0,-1,1.4063912630081177
172,5,-0.05945000000000001,False,2.0,3.0,4.0,81.0999984741211,4.0,173,81.09999999999998,146.69998168945312,0,-1,2.309476137161255
173,5,-0.05980000000000001,False,2.0,3.0,3.0,80.4000015258789,3.0,174,80.39999999999998,146.69998168945312,0,-1,1.9588541984558105
174,1,-0.06030000000000001,False,2.0,4.0,3.0,79.4000015258789,3.0,175,79.39999999999998,146.69998168945312,0,-1,2.6954243183135986
175,5,-0.060650000000000016,False,2.0,4.0,2.0,78.69999694824219,2.0,176,78.69999999999997,146.69998168945312,0,-1,2.6779911518096924
176,3,-0.06115000000000002,False,3.0,4.0,2.0,77.69999694824219,2.0,177,77.69999999999997,146.69998168945312,0,-1,2.494502305984497
177,0,-0.06165000000000001,False,3.0,3.0,2.0,76.69999694824219,2.0,178,76.69999999999997,146.69998168945312,0,-1,1.498902440071106
178,4,-0.062350000000000017,False,3.0,3.0,3.0,75.30000305175781,3.0,179,75.29999999999997,146.69998168945312,0,-1,1.699415922164917
179,4,-0.06305000000000002,False,3.0,3.0,4.0,73.9000015258789,4.0,180,73.89999999999996,146.69998168945312,0,-1,2.3514506816864014
180,3,-0.06355000000000002,False,4.0,3.0,4.0,72.9000015258789,4.0,181,72.89999999999996,146.69998168945312,0,-1,1.6589767932891846
181,3,-0.06405000000000002,False,5.0,3.0,4.0,71.9000015258789,4.0,182,71.89999999999996,146.69998168945312,0,-1,1.2619074583053589
182,0,29.948999999999998,False,5.0,2.0,4.0,98.0,4.0,183,98.0,161.69998168945312,0,-1,0.8022758364677429
183,2,-0.051500000000000004,False,4.0,2.0,4.0,97.0,4.0,184,97.0,161.69998168945312,0,-1,1.342922329902649
184,2,-0.052000000000000005,False,3.0,2.0,4.0,96.0,4.0,185,96.0,161.69998168945312,0,-1,1.8850696086883545
185,4,-0.052700000000000004,False,3.0,2.0,5.0,94.5999984741211,5.0,186,94.6,161.69998168945312,0,-1,2.0898518562316895
186,5,-0.05305000000000001,False,3.0,2.0,4.0,93.9000015258789,4.0,187,93.89999999999999,161.69998168945312,0,-1,1.8850696086883545
187,4,-0.05375000000000001,False,3.0,2.0,5.0,92.5,5.0,188,92.49999999999999,161.69998168945312,0,-1,2.0898518562316895
188,4,-0.05445000000000001,False,3.0,2.0,6.0,91.0999984741211,6.0,189,91.09999999999998,161.69998168945312,0,-1,1.7386195659637451
189,5,-0.054800000000000015,False,3.0,2.0,5.0,90.4000015258789,5.0,190,90.39999999999998,161.69998168945312,0,-1,2.0898518562316895
190,4,-0.05550000000000002,False,3.0,2.0,6.0,89.0,6.0,191,88.99999999999997,161.69998168945312,0,-1,1.7386195659637451
191,2,29.948999999999998,False,2.0,2.0,6.0,98.0,6.0,192,98.0,167.69998168945312,0,-1,0.8685188293457031
192,5,-0.05135000000000001,False,2.0,2.0,5.0,97.30000305175781,5.0,193,97.3,167.69998168945312,0,-1,1.4526073932647705
193,1,-0.05185000000000001,False,2.0,3.0,5.0,96.30000305175781,5.0,194,96.3,167.69998168945312,0,-1,1.4063912630081177
194,6,-0.052950000000000004,False,2.0,3.0,5.0,94.0999984741211,5.0,195,94.1,167.69998168945312,0,-1,1.4063912630081177
195,3,-0.053450000000000004,False,3.0,3.0,5.0,93.0999984741211,5.0,196,93.1,167.69998168945312,0,-1,2.0606815814971924
196,5,-0.05380000000000001,False,3.0,3.0,4.0,92.4000015258789,4.0,197,92.39999999999999,167.69998168945312,0,-1,2.3514506816864014
197,1,-0.05430000000000001,False,3.0,4.0,4.0,91.4000015258789,4.0,198,91.39999999999999,167.69998168945312,0,-1,2.5543675422668457
198,4,-0.05500000000000001,False,3.0,4.0,5.0,90.0,5.0,199,89.99999999999999,167.69998168945312,0,-1,2.4727063179016113
199,2,49.9445,False,2.0,4.0,5.0,89.0,5.0,200,88.99999999999999,167.69998168945312,0,-1,1.9610722064971924
200,0,-0.05600000000000001,False,2.0,3.0,5.0,88.0,5.0,201,87.99999999999999,167.69998168945312,0,-1,1.4063912630081177
201,0,-0.05650000000000001,False,2.0,2.0,5.0,87.0,5.0,202,86.99999999999999,167.69998168945312,0,-1,1.4526073932647705
202,2,-0.05700000000000001,False,1.0,2.0,5.0,86.0,5.0,203,85.99999999999999,167.69998168945312,0,-1,1.3570539951324463
203,0,-0.05750000000000001,False,1.0,1.0,5.0,85.0,5.0,204,84.99999999999999,167.69998168945312,0,-1,1.9934210777282715
204,0,-0.05800000000000001,False,1.0,0.0,5.0,84.0,5.0,205,83.99999999999999,167.69998168945312,0,-1,2.847079277038574
205,5,-0.05835000000000001,False,1.0,0.0,4.0,83.30000305175781,4.0,206,83.29999999999998,167.69998168945312,0,-1,3.0822088718414307
206,2,-0.05885000000000001,False,0.0,0.0,4.0,82.30000305175781,4.0,207,82.29999999999998,167.69998168945312,0,-1,3.632234811782837
207,3,-0.059350000000000014,False,1.0,0.0,4.0,81.30000305175781,4.0,208,81.29999999999998,167.69998168945312,0,-1,3.0822088718414307
208,4,-0.06005000000000001,False,1.0,0.0,5.0,79.9000015258789,5.0,209,79.89999999999998,167.69998168945312,0,-1,2.847079277038574
209,0,-0.060550000000000014,False,1.0,0.0,5.0,78.9000015258789,5.0,210,78.89999999999998,167.69998168945312,0,-1,2.847079277038574
210,1,-0.061050000000000014,False,1.0,1.0,5.0,77.9000015258789,5.0,211,77.89999999999998,167.69998168945312,0,-1,1.9934210777282715
211,2,-0.061550000000000014,False,0.0,1.0,5.0,76.9000015258789,5.0,212,76.89999999999998,167.69998168945312,0,-1,2.3885674476623535
212,4,-0.06225000000000002,False,0.0,1.0,6.0,75.5,6.0,213,75.49999999999997,167.69998168945312,0,-1,2.085548162460327
213,2,-0.06275000000000003,False,0.0,1.0,6.0,74.5,6.0,214,74.49999999999997,167.69998168945312,0,-1,2.085548162460327
214,6,-0.06385000000000002,False,0.0,1.0,6.0,72.30000305175781,6.0,215,72.29999999999997,167.69998168945312,0,-1,2.085548162460327
215,1,-0.06435000000000002,False,0.0,2.0,6.0,71.30000305175781,6.0,216,71.29999999999997,167.69998168945312,0,-1,1.489086627960205
216,5,-0.06470000000000002,False,0.0,2.0,5.0,70.5999984741211,5.0,217,70.59999999999997,167.69998168945312,0,-1,1.890270471572876
217,1,-0.06520000000000002,False,0.0,3.0,5.0,69.5999984741211,5.0,218,69.59999999999997,167.69998168945312,0,-1,1.8549907207489014
218,2,-0.06570000000000002,False,0.0,3.0,5.0,68.5999984741211,5.0,219,68.59999999999997,167.69998168945312,0,-1,1.8549907207489014
219,4,-0.06640000000000001,False,0.0,3.0,6.0,67.19999694824219,6.0,220,67.19999999999996,167.69998168945312,0,-1,1.4440383911132812
220,5,-0.06675000000000003,False,0.0,3.0,5.0,66.5,5.0,221,66.49999999999996,167.69998168945312,0,-1,1.8549907207489014
221,5,-0.06710000000000002,False,0.0,3.0,4.0,65.80000305175781,4.0,222,65.79999999999995,167.69998168945312,0,-1,2.6070547103881836
222,5,-0.06745000000000004,False,0.0,3.0,3.0,65.0999984741211,3.0,223,65.09999999999995,167.69998168945312,0,-1,3.425682306289673
223,0,-0.06795000000000002,False,0.0,2.0,3.0,64.0999984741211,3.0,224,64.09999999999995,167.69998168945312,0,-1,3.1240146160125732
224,5,-0.06830000000000003,False,0.0,2.0,2.0,63.400001525878906,2.0,225,63.39999999999995,167.69998168945312,0,-1,3.0196292400360107
225,1,-0.06880000000000003,False,0.0,3.0,2.0,62.400001525878906,2.0,226,62.39999999999995,167.69998168945312,0,-1,3.3307647705078125
226,2,-0.06930000000000003,False,0.0,3.0,2.0,61.400001525878906,2.0,227,61.39999999999995,167.69998168945312,0,-1,3.3307647705078125
227,0,-0.06980000000000003,False,0.0,2.0,2.0,60.400001525878906,2.0,228,60.39999999999995,167.69998168945312,0,-1,3.0196292400360107
228,6,-0.07090000000000003,False,0.0,2.0,2.0,58.20000076293945,2.0,229,58.199999999999946,167.69998168945312,0,-1,3.0196292400360107
229,0,-0.07140000000000003,False,0.0,1.0,2.0,57.20000076293945,2.0,230,57.199999999999946,167.69998168945312,0,-1,3.0236282348632812
230,1,-0.07190000000000003,False,0.0,2.0,2.0,56.20000076293945,2.0,231,56.199999999999946,167.69998168945312,0,-1,3.0196292400360107
231,1,-0.07240000000000003,False,0.0,3.0,2.0,55.20000076293945,2.0,232,55.199999999999946,167.69998168945312,0,-1,3.3307647705078125
232,2,-0.07290000000000003,False,0.0,3.0,2.0,54.20000076293945,2.0,233,54.199999999999946,167.69998168945312,0,-1,3.3307647705078125
233,5,-0.07325000000000004,False,0.0,3.0,1.0,53.5,1.0,234,53.49999999999994,167.69998168945312,0,-1,3.528836727142334
234,3,-0.07375000000000004,False,1.0,3.0,1.0,52.5,1.0,235,52.49999999999994,167.69998168945312,0,-1,2.7392687797546387
235,4,-0.07445000000000003,False,1.0,3.0,2.0,51.099998474121094,2.0,236,51.099999999999945,167.69998168945312,0,-1,2.4788906574249268
236,0,-0.07495000000000003,False,1.0,2.0,2.0,50.099998474121094,2.0,237,50.099999999999945,167.69998168945312,0,-1,2.0418291091918945
237,5,-0.07530000000000003,False,1.0,2.0,1.0,49.400001525878906,1.0,238,49.39999999999994,167.69998168945312,0,-1,2.351118803024292
238,1,-0.07580000000000003,False,1.0,3.0,1.0,48.400001525878906,1.0,239,48.39999999999994,167.69998168945312,0,-1,2.7392687797546387
239,5,-0.07615000000000004,False,1.0,3.0,0.0,47.70000076293945,0.0,240,47.69999999999994,167.69998168945312,0,-1,3.2957985401153564
240,3,-0.07665000000000004,False,2.0,3.0,0.0,46.70000076293945,0.0,241,46.69999999999994,167.69998168945312,0,-1,2.813039779663086
241,2,-0.07715000000000004,False,1.0,3.0,0.0,45.70000076293945,0.0,242,45.69999999999994,167.69998168945312,0,-1,3.2957985401153564
242,4,-0.07785000000000003,False,1.0,3.0,1.0,44.29999923706055,1.0,243,44.29999999999994,167.69998168945312,0,-1,2.7392687797546387
243,3,-0.07835000000000003,False,2.0,3.0,1.0,43.29999923706055,1.0,244,43.29999999999994,167.69998168945312,0,-1,2.134126901626587
244,4,-0.07905000000000004,False,2.0,3.0,2.0,41.900001525878906,2.0,245,41.89999999999994,167.69998168945312,0,-1,1.7876811027526855
245,3,-0.07955000000000004,False,3.0,3.0,2.0,40.900001525878906,2.0,246,40.89999999999994,167.69998168945312,0,-1,1.498902440071106
246,0,29.93395,False,3.0,2.0,2.0,67.9000015258789,2.0,247,67.89999999999995,182.69998168945312,0,-1,0.5204571485519409
247,4,29.947249999999997,False,3.0,2.0,3.0,94.5,3.0,248,94.49999999999994,197.69998168945312,0,-1,0.9550819396972656
248,1,-0.05325000000000003,False,3.0,3.0,3.0,93.5,3.0,249,93.49999999999994,197.69998168945312,0,-1,1.699415922164917
249,4,74.94605,False,3.0,3.0,4.0,92.0999984741211,4.0,250,92.09999999999994,197.69998168945312,0,-1,2.3514506816864014
250,3,-0.05445000000000003,False,4.0,3.0,4.0,91.0999984741211,4.0,251,91.09999999999994,197.69998168945312,0,-1,1.6589767932891846
251,0,-0.054950000000000034,False,4.0,2.0,4.0,90.0999984741211,4.0,252,90.09999999999994,197.69998168945312,0,-1,1.342922329902649
252,1,-0.055450000000000034,False,4.0,3.0,4.0,89.0999984741211,4.0,253,89.09999999999994,197.69998168945312,0,-1,1.6589767932891846
253,5,-0.05580000000000004,False,4.0,3.0,3.0,88.4000015258789,3.0,254,88.39999999999993,197.69998168945312,0,-1,1.9846709966659546
254,3,-0.05630000000000004,False,5.0,3.0,3.0,87.4000015258789,3.0,255,87.39999999999993,197.69998168945312,0,-1,2.0465002059936523
255,6,-0.057400000000000034,False,5.0,3.0,3.0,85.19999694824219,3.0,256,85.19999999999993,197.69998168945312,0,-1,2.0465002059936523
256,3,-0.057900000000000035,False,6.0,3.0,3.0,84.19999694824219,3.0,257,84.19999999999993,197.69998168945312,0,-1,2.2424025535583496
257,3,-0.058400000000000035,False,7.0,3.0,3.0,83.19999694824219,3.0,258,83.19999999999993,197.69998168945312,0,-1,2.805098056793213
258,2,-0.058900000000000036,False,6.0,3.0,3.0,82.19999694824219,3.0,259,82.19999999999993,197.69998168945312,0,-1,2.2424025535583496
259,0,-0.059400000000000036,False,6.0,2.0,3.0,81.19999694824219,3.0,260,81.19999999999993,197.69998168945312,0,-1,2.019803285598755
260,1,-0.05990000000000004,False,6.0,3.0,3.0,80.19999694824219,3.0,261,80.19999999999993,197.69998168945312,0,-1,2.2424025535583496
261,1,-0.06040000000000004,False,6.0,4.0,3.0,79.19999694824219,3.0,262,79.19999999999993,197.69998168945312,0,-1,2.8243818283081055
262,3,-0.06090000000000004,False,7.0,4.0,3.0,78.19999694824219,3.0,263,78.19999999999993,197.69998168945312,0,-1,3.2889723777770996
263,4,-0.061600000000000044,False,7.0,4.0,4.0,76.80000305175781,4.0,264,76.79999999999993,197.69998168945312,0,-1,2.86733078956604
264,4,-0.06230000000000004,False,7.0,4.0,5.0,75.4000015258789,5.0,265,75.39999999999992,197.69998168945312,0,-1,2.761491060256958
265,0,-0.06280000000000005,False,7.0,3.0,5.0,74.4000015258789,5.0,266,74.39999999999992,197.69998168945312,0,-1,2.1626534461975098
266,5,-0.06315000000000004,False,7.0,3.0,4.0,73.69999694824219,4.0,267,73.69999999999992,197.69998168945312,0,-1,2.296262741088867
267,4,-0.06385000000000005,False,7.0,3.0,5.0,72.30000305175781,5.0,268,72.29999999999991,197.69998168945312,0,-1,2.1626534461975098
268,1,-0.06435000000000005,False,7.0,4.0,5.0,71.30000305175781,5.0,269,71.29999999999991,197.69998168945312,0,-1,2.761491060256958
269,0,-0.06485000000000005,False,7.0,3.0,5.0,70.30000305175781,5.0,270,70.29999999999991,197.69998168945312,0,-1,2.1626534461975098
270,2,-0.06535000000000005,False,6.0,3.0,5.0,69.30000305175781,5.0,271,69.29999999999991,197.69998168945312,0,-1,1.3553094863891602
271,2,29.94815,False,5.0,3.0,5.0,96.30000305175781,5.0,272,96.29999999999991,212.69998168945312,0,-1,0.9983274340629578
272,2,-0.05235000000000005,False,4.0,3.0,5.0,95.30000305175781,5.0,273,95.29999999999991,212.69998168945312,0,-1,1.4684860706329346
273,1,-0.05285000000000004,False,4.0,4.0,5.0,94.30000305175781,5.0,274,94.29999999999991,212.69998168945312,0,-1,2.259472370147705
274,5,-0.05320000000000005,False,4.0,4.0,4.0,93.5999984741211,4.0,275,93.59999999999991,212.69998168945312,0,-1,2.3876700401306152
275,6,-0.05430000000000005,False,4.0,4.0,4.0,91.4000015258789,4.0,276,91.3999999999999,212.69998168945312,0,-1,2.3876700401306152
276,5,-0.05465000000000005,False,4.0,4.0,3.0,90.69999694824219,3.0,277,90.6999999999999,212.69998168945312,0,-1,2.4085872173309326
277,2,-0.05515000000000005,False,3.0,4.0,3.0,89.69999694824219,3.0,278,89.6999999999999,212.69998168945312,0,-1,2.352297306060791
278,5,-0.05550000000000005,False,3.0,4.0,2.0,89.0,2.0,279,88.9999999999999,212.69998168945312,0,-1,2.494502305984497
279,0,-0.05600000000000005,False,3.0,3.0,2.0,88.0,2.0,280,87.9999999999999,212.69998168945312,0,-1,1.498902440071106
280,2,-0.05650000000000005,False,2.0,3.0,2.0,87.0,2.0,281,86.9999999999999,212.69998168945312,0,-1,1.7876811027526855
281,4,-0.057200000000000056,False,2.0,3.0,3.0,85.5999984741211,3.0,282,85.5999999999999,212.69998168945312,0,-1,1.9588541984558105
282,3,-0.05770000000000006,False,3.0,3.0,3.0,84.5999984741211,3.0,283,84.5999999999999,212.69998168945312,0,-1,1.699415922164917
283,4,-0.05840000000000006,False,3.0,3.0,4.0,83.19999694824219,4.0,284,83.19999999999989,212.69998168945312,0,-1,2.3514506816864014
284,1,-0.05890000000000006,False,3.0,4.0,4.0,82.19999694824219,4.0,285,82.19999999999989,212.69998168945312,0,-1,2.5543675422668457
285,0,-0.05940000000000006,False,3.0,3.0,4.0,81.19999694824219,4.0,286,81.19999999999989,212.69998168945312,0,-1,2.3514506816864014
286,0,-0.05990000000000006,False,3.0,2.0,4.0,80.19999694824219,4.0,287,80.19999999999989,212.69998168945312,0,-1,1.8850696086883545
287,2,-0.06040000000000006,False,2.0,2.0,4.0,79.19999694824219,4.0,288,79.19999999999989,212.69998168945312,0,-1,2.1219289302825928
288,4,-0.061100000000000064,False,2.0,2.0,5.0,77.80000305175781,5.0,289,77.79999999999988,212.69998168945312,0,-1,1.4526073932647705
289,0,-0.061600000000000064,False,2.0,1.0,5.0,76.80000305175781,5.0,290,76.79999999999988,212.69998168945312,0,-1,2.0596601963043213
290,2,-0.062100000000000065,False,1.0,1.0,5.0,75.80000305175781,5.0,291,75.79999999999988,212.69998168945312,0,-1,1.9934210777282715
291,5,-0.06245000000000006,False,1.0,1.0,4.0,75.0999984741211,4.0,292,75.09999999999988,212.69998168945312,0,-1,2.7072994709014893
292,3,-0.06295000000000006,False,2.0,1.0,4.0,74.0999984741211,4.0,293,74.09999999999988,212.69998168945312,0,-1,2.1276159286499023
293,5,-0.06330000000000006,False,2.0,1.0,3.0,73.4000015258789,3.0,294,73.39999999999988,212.69998168945312,0,-1,1.3731147050857544
294,4,-0.06400000000000006,False,2.0,1.0,4.0,72.0,4.0,295,71.99999999999987,212.69998168945312,0,-1,2.1276159286499023
295,0,-0.06450000000000006,False,2.0,0.0,4.0,71.0,4.0,296,70.99999999999987,212.69998168945312,0,-1,2.559475898742676
296,3,-0.06500000000000006,False,3.0,0.0,4.0,70.0,4.0,297,69.99999999999987,212.69998168945312,0,-1,2.366816759109497
297,1,-0.06550000000000006,False,3.0,1.0,4.0,69.0,4.0,298,68.99999999999987,212.69998168945312,0,-1,1.89146888256073
298,1,-0.06600000000000006,False,3.0,2.0,4.0,68.0,4.0,299,67.99999999999987,212.69998168945312,0,-1,1.8850696086883545
299,4,199.9333,True,3.0,2.0,5.0,66.5999984741211,5.0,300,66.59999999999987,212.69998168945312,0,-1,2.0898518562316895
